{
  "name": "Cuadro de dificultades",
  "type": "script",
  "author": "NLu8dzFBI3Kvrwky",
  "img": "icons/svg/dice-target.svg",
  "scope": "global",
  "command": "/** \n * Displays dialog for quickly set Sandbox DC\n * @Author: Ramses800\n */\nlet html = `\n<script>\nfunction setDC(difficultylevel)\n{\n  game.settings.set(\"sandbox\", \"diff\",difficultylevel);\n  document.getElementsByName(\"dc\")[0].value=difficultylevel;\n}\n</script>\n<style>\n.btnDC{\n  height:35px;\n  width:100%;\n  border-radius: 3px;\n  background: rgba(0, 0, 0, 0.05);\n  border: 2px groove #c9c7b8;\n  line-height: 28px;\n  margin: 0 5px 0 0;\n}\n.btnDC:hover {\n  box-shadow: 0 0 5px red;\n}\n</style>\n<p>Set Difficulty Level(DC)</p>\n<form>\n<div>\n<input class=\"btnDC\" type=\"button\" onclick=\"setDC('1')\" value=\"Easy!\">\n<input class=\"btnDC\" type=\"button\" onclick=\"setDC('2')\" value=\"Routine!\">\n<input class=\"btnDC\" type=\"button\" onclick=\"setDC('4')\" value=\"Normal!\">\n<input class=\"btnDC\" type=\"button\" onclick=\"setDC('8')\" value=\"Hard!\">\n<input class=\"btnDC\" type=\"button\" onclick=\"setDC('16')\" value=\"Extreme!\">\n<input class=\"btnDC\" type=\"button\" onclick=\"setDC('32')\" value=\"Absurd!\">\n</div>\n</form>\n<p>\n`;\n\n\nlet d = new Dialog({\n title: \"Set Difficulty Level(DC)\",\n content: html,\n buttons: {\n  btnClose: {   \n   label: \"Close\",\n   callback: () => console.log(\"Close\")\n  }\n },\n default: \"btnClose\"\n});\nd.options.width = 100;\nd.position.width = 100;\nd.render(true);",
  "flags": {
    "exportSource": {
      "world": "shadowshots",
      "system": "sandbox",
      "coreVersion": "9.242",
      "systemVersion": "0.12.0"
    }
  }
}